split,query,resource_id,positive_passage
train,How should a computer science student structure an internship CV?,software_engineer_cv,"A strong internship or graduate CV for computer science students is one page. Lead with education then 2–3 projects with impact."
train,What belongs in CV bullets?,software_engineer_cv,"Write bullets as action + tool + result. Example: Built a REST API in Python and FastAPI that cut manual report time."
train,Should I put a photo on my CV?,software_engineer_cv,"Include a GitHub or portfolio link. Do not attach a photo. Keep margins readable and use a single font."
train,How do I match my CV to a job posting?,software_engineer_cv,"If the posting asks for Git, SQL, and teamwork, those words should appear honestly in your projects."
train,How long should a cover letter be?,cover_letter_guide,"A cover letter should be under 300 words. Paragraph 1: the role and why this organisation."
train,What is the structure of a cover letter?,cover_letter_guide,"Paragraph 1: the role. Paragraph 2: one project that maps to their needs. Paragraph 3: availability and a clear ask for an interview."
train,Should a cover letter repeat the CV?,cover_letter_guide,"Do not repeat the CV. Translate coursework into their problem."
train,What should I mention for Kenyan graduate schemes?,cover_letter_guide,"Mention when you can start and that you can work on-site if required."
train,What is the STAR method?,behavioural_interviews,"Use STAR: Situation, Task, Action, Result. Keep answers under two minutes."
train,How do I answer tell me about a time you failed?,behavioural_interviews,"Prepare stories for teamwork, conflict, failure, leadership, and a tight deadline."
train,How long should a behavioural answer be?,behavioural_interviews,"Keep answers under two minutes. Practise out loud. Do not memorise a script word for word."
train,Give an example of a teamwork interview story.,behavioural_interviews,"A group project where a teammate missed a deadline. Say what YOU did then the result."
train,What topics appear in coding interviews?,technical_interviews,"Coding screens usually mix arrays, hash maps, strings, and simple graphs."
train,What should I do first in a technical interview?,technical_interviews,"Talk while you think: restate the problem, give an example, state time complexity, then code."
train,Which algorithm problems should I practise?,technical_interviews,"Practise: two-sum, reverse a linked list, BFS on a grid, and SQL group-by."
train,Is clever code better than clear code for internships?,technical_interviews,"For internships, correct and clear code beats a clever one-liner you cannot explain."
train,Is a master's required for a data analyst role?,careers_data_science,"A master's is not required for many analyst roles. It helps for research-heavy ML."
train,What is the difference between data analyst and ML engineer?,careers_data_science,"Analysts clean data and explain trends. ML engineers put models into production with monitoring."
train,What first job suits a CS graduate interested in AI?,careers_data_science,"A realistic first role is data analyst or junior ML engineer if you have Python, SQL, and one portfolio project."
train,How do I start a data science portfolio project?,careers_data_science,"Build a small end-to-end project: dataset, notebook, simple model, short write-up of limitations."
train,How many projects should be on a portfolio site?,portfolio_website,"Show two or three projects, not ten. Each project needs a problem, what you built, the stack, and a link."
train,Where should I host a student portfolio?,portfolio_website,"Use a simple layout and host on GitHub Pages."
train,What should the top of my portfolio say?,portfolio_website,"Name, course, one-line goal, then projects. Do not hide the GitHub link."
eval,How do I write a one-page software internship resume?,software_engineer_cv,"A strong internship or graduate CV for computer science students is one page."
eval,What is a good CV bullet example?,software_engineer_cv,"Write bullets as action + tool + result."
eval,How do I write a short cover letter?,cover_letter_guide,"A cover letter should be under 300 words."
eval,How do I prepare behavioural interview answers?,behavioural_interviews,"Use STAR: Situation, Task, Action, Result."
eval,How should I talk through a coding problem?,technical_interviews,"Restate the problem, give an example, state time complexity, then code."
eval,Do I need a master's to become a data analyst?,careers_data_science,"A master's is not required for many analyst roles."
eval,How many projects belong on a student portfolio?,portfolio_website,"Show two or three projects, not ten."
eval,What entry roles fit AI-interested computer science graduates?,careers_data_science,"A realistic first role is data analyst or junior ML engineer."
